{"stats":{"minecraft:custom":{"minecraft:jump":168,"minecraft:time_since_rest":5229,"minecraft:damage_taken":70,"minecraft:play_one_minute":5229,"minecraft:crouch_one_cm":71,"minecraft:leave_game":2,"minecraft:sprint_one_cm":12007,"minecraft:time_since_death":5229,"minecraft:walk_on_water_one_cm":165,"minecraft:walk_one_cm":10882,"minecraft:sneak_time":8,"minecraft:fall_one_cm":5654,"minecraft:fly_one_cm":53486},"minecraft:mined":{"minecraft:grass_block":2},"minecraft:used":{"minecraft:dirt":2},"minecraft:picked_up":{"minecraft:dirt":2}},"DataVersion":2567}